index,F,E0,mag,vol,nFe,nCo,nS
Fe_ref,-16.632549,-16.632549,4.3261,22.860408,2,0,0
Co_ref,-13.775345,-13.775345,0.0009,20.808721,0,2,0
S_ref,-132.16382,-132.16382,0,1003.344283,0,0,32
1,-95.091399,-95.083596,8.6986,211.07679484631296,6,1,8
2,-55.107516,-55.10489,10.9292,95.52410724513406,4,2,2
3,-52.544926,-52.542959,11.0034,80.97039187308407,5,1,1
4,-42.704075,-42.701378,0,116.56559712908347,2,1,4
5,-147.65433,-147.64495,0.0026,369.2237164346751,4,8,12
6,-88.053707,-88.046913,0.0083,205.92338316586546,1,6,8
7,-165.96974,-165.95772,1.5456,461.2115910395691,4,8,16
8,-83.681284,-83.676771,4.08,206.87891211886785,2,4,8
9,-41.692117,-41.689583,1.4491,95.69154582438551,1,2,4
10,-216.83961,-216.82675,0.4149,532.2175519465112,4,10,24
11,-79.304068,-79.300098,2.5091,146.5794344660045,4,4,4
12,-81.319643,-81.315055,7.4746,214.27148977796037,2,4,8
13,-85.886185,-85.881083,1.115,209.12164356630245,4,2,8
14,-85.359125,-85.353271,21.5659,142.0279750965573,6,4,2
15,-91.268277,-91.265668,2.9749,256.89445558490337,4,2,10
16,-53.812062,-53.806318,4.1636,143.3541070594562,2,2,5
17,-148.36426,-148.35805,0.0102,345.0099031201835,4,8,12
18,-85.935732,-85.927769,2.0085,198.36594050682976,4,2,8
20,-59.844593,-59.840235,9.0361,102.93005742491238,3,3,3
21,-43.008825,-43.005976,2.457,96.10489268743858,2,1,4
22,-365.55931,-365.52019,65.5934,540.9250925241865,36,8,4
23,-142.5021,-142.48702,1.7123,481.5377749667379,8,2,14
24,-111.78249,-111.77537,5.7413,294.19804019320793,2,6,12
25,-74.466878,-74.462012,1.4496,206.58831826243843,1,4,8
26,-29.376797,-29.371544,0.9279,63.91200935414014,2,1,2
27,-225.09631,-225.08842,0,524.9377466251734,10,4,24
28,-33.036342,-33.031457,1.3801,107.81628545169224,1,1,4
29,-166.41324,-166.39806,2.5999,397.3668552413991,4,8,16
30,-166.65837,-166.63708,4.6978,386.9387076901829,8,4,16
31,-312.57866,-312.56424,14.4242,805.5495498307675,18,2,32
32,-41.58903,-41.586923,5.0237,103.8499085934106,2,1,4
33,-76.054276,-76.046664,5.1836,204.50424072872804,4,1,8
35,-50.331558,-50.328557,3.139,230.00425917820988,2,1,6
36,-120.36169,-120.35477,34.6667,190.18204336390494,12,2,2
37,-51.082718,-51.079597,1.1464,120.82897781177542,3,1,4
38,-58.397017,-58.395319,1.0733,145.85721407902366,1,3,6
39,-83.795645,-83.786165,2.7726,203.52108724430462,2,4,8
41,-83.787214,-83.77752,2.7459,203.4612216,2,4,8
42,-76.606986,-76.598667,8.9939,213.54218152992266,4,1,8
43,-81.220494,-81.216651,5.6101,131.4302289791486,5,3,4
44,-24.923725,-24.922563,0.9321,61.556366028995654,1,1,2
45,-83.56282,-83.557391,0,201.42626042427582,2,4,8
46,-68.968778,-68.963905,5.8572,158.33667511142463,3,3,5
47,-48.651612,-48.646426,2.0465,123.2095044145295,1,3,4
48,-89.282814,-89.277211,7.2474,278.0104721774627,2,4,10
49,-85.061601,-85.054971,6.8084,198.3498943158571,4,2,8
50,-165.13955,-165.12801,8.2112,421.56574674380414,4,8,16
51,-20.12993,-20.127961,0.2513,33.82650555356183,1,1,1
52,-110.00247,-109.99371,7.7192,266.50875584236906,6,2,10
53,-77.402886,-77.398729,2.7153,132.15758767397034,2,6,4
54,-120.6789,-120.65841,1.9346,347.1135800142734,4,6,12
55,-57.235677,-57.233388,0,176.49840759794145,2,2,6
56,-75.549288,-75.546033,2.5477,219.13709350790486,4,2,6
57,-143.47922,-143.46544,2.4998,383.29536796060864,2,8,16
58,-61.906961,-61.89661,12.4702,143.27902779456173,4,1,5
59,-79.242079,-79.234732,0.1367,213.7267834585782,1,5,8
60,-166.01153,-166.00371,17.218,430.21548705485145,8,4,16
62,-86.020252,-86.009166,6.0548,205.9432477712935,4,2,8
63,-248.91373,-248.89463,3.2714,658.8727134302173,6,12,24
64,-49.829752,-49.825577,1.6065,128.18577103195443,2,2,4
65,-95.101756,-95.089057,8.7833,213.7055519660485,6,1,8
66,-91.470032,-91.460885,12.9147,133.3324426798489,9,2,1
68,-73.076499,-73.063387,3.2779,209.63987378721603,1,4,8
69,-42.245814,-42.24174,0.0394,119.5189866667581,2,1,4
70,-41.819386,-41.81826,1.8855,98.20110035058309,1,2,4
71,-78.092326,-78.083892,4.0604,199.63527016486435,4,1,8
72,-83.028109,-83.023867,4.2862,200.20156753682966,2,4,8
73,-151.29797,-151.29093,0.7996,403.7467008404931,1,10,16
74,-73.127938,-73.11896,3.5486,206.34458900940177,1,4,8
76,-94.00071,-93.999773,0,268.81173663735314,4,2,10
77,-24.05687,-24.054953,3.1188,54.73920700067392,1,1,2
78,-104.81333,-104.81016,16.273,201.3395407009524,4,8,4
79,-166.01903,-166.01153,17.2735,430.69932956282946,8,4,16
81,-82.585267,-82.578904,0.0989,200.65004994445005,1,5,8
82,-67.152891,-67.150655,2.7184,169.37724851369677,1,3,8
83,-92.741956,-92.733132,7.005,233.56595801179512,2,6,8
84,-56.61195,-56.60707,8.1921,184.17584181128663,2,2,6
85,-86.032225,-86.021709,6.0972,207.0088368561263,4,2,8
86,-66.074671,-66.069035,3.1584,278.96745954102437,2,2,8
87,-54.109847,-54.104014,11.722,88.91458303483368,1,6,1
88,-201.94425,-201.93258,50.7858,346.15630813317995,12,12,4
89,-41.822669,-41.821571,1.8897,98.56942311908986,1,2,4
90,-86.98387,-86.972312,5,205.8322339987439,5,1,8
91,-54.205473,-54.199289,12.2528,89.71340423232435,1,6,1
92,-79.979448,-79.975781,11.9567,137.84078444192002,4,4,4
93,-391.41005,-391.36916,0.0085,826.4455862107544,4,30,30
94,-51.468513,-51.462948,0.5569,125.7604980359893,3,1,4
95,-64.495331,-64.490625,1.6133,283.7003531635147,1,3,8
96,-74.774943,-74.772574,1.1964,190.04134219875985,1,4,8
97,-166.22145,-166.20213,5.7018,403.6601168360706,4,8,16
99,-83.609546,-83.601712,9.9653,216.07153109935507,4,2,8
100,-108.59625,-108.59167,0,256.6854572424269,4,4,10
101,-163.27916,-163.26773,12.1902,419.2341795349235,10,1,16
102,-116.05452,-116.04175,0.0553,244.88102049372455,8,2,8
103,-292.45574,-292.44508,4.508,824.5843611174738,2,18,32
104,-47.930292,-47.926645,8.7741,90.20098036675732,4,1,2
105,-49.439739,-49.434943,7.7132,127.24808517232638,2,4,2
106,-48.969755,-48.965556,0.0155,104.6728316936887,1,4,3
107,-173.85908,-173.84687,6.2567,402.5275091063199,10,2,16
108,-42.258504,-42.256071,0.0647,112.28915954125134,2,1,4
109,-58.565605,-58.561932,6.5511,125.0263858379985,4,1,4
110,-123.11731,-123.10968,7.8827,177.33887563707376,12,3,1
111,-74.46749,-74.461334,1.4485,207.01113868955107,1,4,8
112,-161.21256,-161.18965,0.0385,463.9504602979765,4,8,16
113,-180.82505,-180.81841,4.7069,413.49207049024386,12,1,16
114,-73.077169,-73.064185,3.3082,209.78316781702716,1,4,8
115,-65.903165,-65.899871,1.0002,196.38165770352293,1,3,8
116,-164.15236,-164.14554,6.3081,404.1152079372778,8,3,16
117,-137.2376,-137.23282,6.453,429.57004680450683,6,2,16
118,-168.45543,-168.44876,0.6304,426.0276708385515,1,12,16
119,-349.51124,-349.47819,4.4179,813.2113672506451,6,25,27
120,-64.502724,-64.497072,1.4838,284.3981929299126,1,3,8
121,-184.72854,-184.71755,6.6003,420.62414628048515,12,4,13
122,-178.96304,-178.95425,0.105,388.565521,10,4,14
124,-213.29831,-213.28633,50.6525,380.58104685290846,18,6,6
125,-58.389931,-58.388246,1.0737,146.0851852220494,1,3,6
126,-333.44564,-333.42006,56.6058,536.6514381264327,20,16,12
128,-79.877856,-79.874574,4.543,130.59766730010466,4,4,4
129,-91.918829,-91.91291,26.8725,142.3066535302481,9,2,1
130,-41.836833,-41.834751,3.0792,107.61979845988823,2,1,4
131,-106.33799,-106.33395,0,232.5430381639446,1,8,8
132,-54.462743,-54.458574,9.4074,119.12175464615643,2,4,3
133,-83.602893,-83.595397,9.9526,215.55133024530832,4,2,8
135,-95.392862,-95.372806,16.4271,244.1578870220644,6,2,8
136,-111.1313,-111.12462,3.021,243.61579101868645,6,3,8
137,-189.19653,-189.18511,0.2767,512.5812147171923,3,10,20
138,-24.70099,-24.69944,0.4602,49.42844732035196,1,1,2
139,-175.8212,-175.81273,12.8911,383.2086649639715,11,1,16
140,-172.31088,-172.29967,3.7578,393.9439505879814,8,4,16
141,-25.725584,-25.724621,0.0363,43.677209972592344,1,2,1
142,-11.144425,-11.137157,8.4028,511.8148289662302,1,1,6
143,-76.846275,-76.839363,8.1616,210.29526862738027,4,1,8
144,-112.7324,-112.71718,18.9434,175.9800797741673,3,12,1
145,-506.43249,-506.39227,38.3784,1323.3170526786093,16,24,44
146,-162.58141,-162.57586,0,391.6743108557631,4,8,16
147,-48.552075,-48.549542,1.1367,180.0607960651916,1,2,6
148,-24.912734,-24.910863,1.2365,55.665505569198764,1,1,2
149,-155.27476,-155.26205,25.4254,226.55760780868164,15,4,1
150,-162.40915,-162.39972,8.0253,423.57153804842955,4,8,16
151,-123.496,-123.4903,10.114,197.2253369189469,9,3,6
152,-42.52072,-42.515764,0.6931,116.1077295262935,2,1,4
153,-60.411943,-60.408115,17.4872,94.96369404667381,6,1,1
154,-48.742141,-48.739771,0.0075,122.6907196124817,1,3,4
155,-421.41673,-421.39536,16.6322,829.2102963941485,30,4,30
156,-155.57254,-155.56294,6.4933,481.60935466330193,4,8,14
157,-940.06659,-939.98718,90.5421,2394.6234713334356,48,16,96
159,-42.194956,-42.190477,0.2126,118.81705578715234,2,1,4
160,-101.67083,-101.66406,9.2203,272.86599831519317,6,2,8
161,-90.447807,-90.432122,0.0355,123.5916873233167,9,2,1
162,-42.751616,-42.748196,0.0008,116.18909211363547,2,1,4
163,-50.709547,-50.705407,4.2386,100.36476242761542,3,1,4
164,-66.067679,-66.064422,3.2255,283.19440739609047,2,2,8
165,-40.407018,-40.403256,0.2536,113.39952945840082,1,2,4
166,-192.313,-192.2919,50.9979,312.8465248420829,12,12,2
167,-41.653462,-41.650445,2.5815,133.7872930909951,2,1,4
168,-327.87237,-327.85469,0.0157,776.8068735,8,16,32
169,-134.17779,-134.16849,25.0567,235.99707290993388,4,12,4
170,-103.30536,-103.30081,1.5759,242.4459555741375,5,2,10
171,-85.056372,-85.054323,4.9582,263.8770465806881,4,1,10
172,-150.55409,-150.5471,1.0629,437.56970911146885,6,4,16
173,-34.417944,-34.417115,1,83.56520442425149,1,1,4
174,-67.659878,-67.655459,4.6637,280.75642354378334,3,1,8
175,-54.184841,-54.180269,11.7053,88.85160892457452,1,6,1
176,-51.165284,-51.161171,6.5708,122.6244303481324,4,2,2
179,-48.753716,-48.751257,1.7386,228.72955100033718,1,2,6
180,-18.688436,-18.686774,3,42.26731914426056,1,1,1
181,-74.16233,-74.159344,19.0566,115.21924841355573,5,4,1
182,-94.286842,-94.274424,5.4478,247.28713337169006,5,1,10
183,-49.25016,-49.241377,7.1519,112.6592509579609,3,1,4
184,-40.305362,-40.30346,3.2652,107.85348284752529,1,2,4
185,-206.16684,-206.15624,5.3146,481.51503670807693,3,12,20
186,-85.64356,-85.636077,6.2058,208.9088172920955,4,2,8
187,-107.87123,-107.85463,23.7796,178.14219634546595,2,12,2
188,-164.40145,-164.38708,7.3085,378.0579207789326,8,3,16
189,-66.069318,-66.063024,3.0595,284.98866624541125,2,2,8
190,-72.999457,-72.997203,0.0597,173.41332465076994,2,4,6
191,-118.21674,-118.21013,11.5398,296.51495336308744,6,2,12
192,-32.969282,-32.966327,2.4077,102.28154444425864,1,1,4
193,-84.947861,-84.94605,4.665,266.81582993100136,4,1,10
194,-31.013953,-31.007708,0.0675,64.42851198317291,2,1,2
195,-73.2628,-73.25759,0.4907,225.3219857870433,2,2,10
196,-162.80012,-162.78939,12.2927,409.16858227901906,4,8,16
197,-41.784125,-41.781773,1.2231,96.00185445530909,1,2,4
198,-76.856684,-76.850185,8.1142,208.77231750125316,4,1,8
199,-76.484086,-76.480737,1.9321,165.6483250262684,4,2,6
200,-133.25196,-133.24124,27.0059,279.64523351282503,12,2,6
201,-42.995173,-42.991995,2.8122,96.71027231681224,2,1,4
202,-98.761622,-98.751258,24.2435,161.62404717051973,6,6,2
203,-77.978755,-77.975687,3,197.1099583825104,4,1,8
204,-92.025012,-92.015865,8.3666,198.93323052323504,6,1,8
205,-122.28142,-122.27258,17.7655,180.72685568598965,11,4,1
206,-83.692369,-83.688332,3.8904,205.69233479240935,2,4,8
207,-38.538194,-38.536736,8.875,99.69274808359859,2,2,2
208,-172.23575,-172.22543,3.7363,398.76984256592795,8,4,16
210,-53.911499,-53.909338,5.1208,146.16562633014397,2,2,5
211,-117.45018,-117.44118,2.0837,309.66537966874415,4,4,12
212,-59.659703,-59.650967,3.439,97.57968896168373,3,3,3
213,-94.999377,-94.992246,7.7201,211.35037678667015,6,1,8
214,-29.2038,-29.201557,0.0278,64.34677634,1,2,2
215,-162.45432,-162.44116,35.7202,268.43084778044243,3,18,3
216,-41.177972,-41.17506,1.2194,100.83378111781012,1,2,4
217,-39.54345,-39.5395,3.8695,82.96521483269301,3,1,2
218,-215.02373,-215.00803,5.7937,506.4573861262689,9,9,16
219,-38.012875,-38.011114,1.5254,91.55988542637523,2,1,3
221,-143.36907,-143.35957,19.0028,242.67976223542405,1,16,5
222,-66.05098,-66.047062,3.2615,280.70138957180455,2,2,8
223,-73.446797,-73.44499,0.143,190.59781008941906,2,4,6
224,-78.624383,-78.617694,5.4252,133.7165504,3,5,4
225,-49.499209,-49.497146,2.4415,98.97239932535935,2,2,4
226,-166.36747,-166.3618,0,401.3704286901884,4,8,16
227,-85.612561,-85.606072,0.0241,202.28591736760103,4,2,8
228,-87.965749,-87.957765,0.001,207.91949915250004,1,6,8
229,-113.12166,-113.11338,8.5156,232.88852525907507,4,6,8
230,-386.45877,-386.43416,78.3177,698.1676927021631,32,8,16
231,-117.31786,-117.30753,10.3772,256.1750366295479,5,4,10
232,-42.690981,-42.688506,0.5587,115.61394665754754,2,1,4
233,-42.68102,-42.678228,0.2634,96.13538494246814,2,1,4
234,-48.452698,-48.449487,3.2361,124.47340974202952,1,4,3
235,-48.342776,-48.338607,2.3636,102.13213476649933,1,3,4
236,-455.36567,-455.34562,44.4982,1065.7547216629978,30,4,38
237,-72.6494,-72.643602,0.0113,198.25736168363895,1,4,8
239,-65.335304,-65.330117,0.4215,198.83173188325796,2,2,8
240,-422.94374,-422.91582,6.1248,1094.0170183657992,4,30,38
241,-85.913608,-85.909203,2.098,191.2759610819349,4,2,8
242,-67.001775,-66.994763,19.0567,140.35292312259193,6,2,2
243,-39.504138,-39.502536,2.0779,99.04063141022701,1,2,4
244,-47.738932,-47.73111,5.3598,120.06186253644829,2,2,4
245,-519.89376,-519.865,24.5531,1244.0874933681962,24,16,44
246,-102.5218,-102.51134,0.0562,225.59036243159844,6,2,8
247,-127.81259,-127.798,15.0345,353.3819463506079,6,4,12
248,-99.334773,-99.326779,8.4006,207.13409017218956,4,4,8
249,-81.316199,-81.311858,7.4716,214.51933868188127,2,4,8
250,-90.363206,-90.354023,8.8558,277.6345417043804,4,2,10
251,-50.960433,-50.956947,10.7554,101.49350488424457,2,4,2
252,-84.987101,-84.980557,5.1072,200.5883233883787,2,8,4
253,-49.864396,-49.860296,0.0001,122.78629235099861,2,2,4
255,-93.07877,-93.072565,0.9293,205.02128726210526,4,3,8
257,-49.871103,-49.866556,0.0036,121.66212607500033,2,2,4
258,-418.43846,-418.4079,27.1573,1112.937001502596,8,32,32
259,-104.93562,-104.92905,5.2361,264.7825258511667,2,6,10
260,-42.640385,-42.637025,0.5639,97.19617271568787,2,1,4
261,-153.41909,-153.41349,3.5436,344.91994341351204,8,4,12
262,-108.72038,-108.70673,2.5736,277.22871776702254,4,4,10
263,-108.49805,-108.49526,3.5172,303.6706294904968,4,4,10
264,-96.889089,-96.878219,0.0088,219.27525698034557,2,8,6
266,-41.029857,-41.023922,0.0406,119.01058962642475,1,2,4
267,-40.938588,-40.933457,0.445,119.7560164670326,1,2,4
268,-89.900713,-89.888257,24.1486,212.72189967931055,4,8,2
269,-77.958173,-77.94603,7.3688,129.35073329600158,1,9,2
270,-191.42945,-191.41888,17.5151,444.0169147085268,12,2,16
271,-41.311735,-41.309915,1.0591,98.30444787860573,1,2,4
272,-68.900079,-68.896522,0.4202,156.35519294900985,3,3,5
273,-71.617896,-71.611598,1.3618,213.87748581305175,1,4,8
274,-49.57961,-49.574339,0.1609,129.8589518650939,1,3,4
275,-215.53564,-215.51615,10.2719,510.22456093299604,4,16,16
276,-49.611289,-49.611108,1.9978,110.25645137140422,2,2,4
277,-142.9344,-142.92123,35.3388,223.95734751193694,4,15,1
278,-51.048181,-51.043538,0.6443,120.54052262131307,3,1,4
279,-68.316158,-68.308589,5.3146,201.0745216524139,3,1,8
280,-42.977943,-42.975252,1.7341,94.63494176,2,1,4
281,-24.771281,-24.769655,1.2343,55.752743722370035,1,1,2
282,-66.628426,-66.623718,0.1613,131.76025701722583,4,2,4
283,-76.320417,-76.314443,9.006,207.10100308701203,4,1,8
284,-131.73576,-131.71943,0.353,232.30411166243863,2,12,7
285,-196.02317,-195.99874,17.3081,293.2321795166315,18,6,2
286,-36.74438,-36.741921,0.297,95.02796233953347,1,2,3
287,-180.36873,-180.36055,8.2743,395.15790688759785,12,4,12
289,-48.808294,-48.802822,0.4079,122.78647681726916,1,3,4
290,-24.34834,-24.346999,0,54.70251372171331,1,1,2
291,-234.7274,-234.71177,3.9905,476.73279787433114,16,4,16
292,-73.133243,-73.124205,3.6846,207.45756096517906,1,4,8
293,-49.517167,-49.513107,2.4498,99.49221656815291,2,2,4
294,-91.360048,-91.356755,1.1317,206.17376559231138,3,4,8
295,-44.481662,-44.477957,7.8914,89.09123369981367,1,4,2
296,-25.944703,-25.940172,0.1352,68.00715824802813,1,2,2
297,-33.023408,-33.021975,1.6283,175.08948105723374,1,1,4
298,-172.52234,-172.50394,30.4125,312.89046173709056,4,17,4
299,-179.73672,-179.72254,9.4662,381.69400552136614,8,8,12
300,-167.11949,-167.11314,5.8482,386.7255345648745,4,8,16
301,-326.52337,-326.5036,32.7891,836.86,20,2,32
302,-27.229892,-27.227796,7.3744,47.84,2,1,1
303,-367.3543,-367.32766,9.7442,879.12,24,3,32
304,-261.08834,-261.07156,10.4842,638.39,4,18,22
305,-509.30569,-509.27007,38.2399,1294.12,16,24,44
306,-24.6652,-24.663641,1.6205,57.31,1,1,2
307,-152.97249,-152.96704,16.4375,393.14,8,2,16
308,-426.84819,-426.81544,15.1411,1031.2,18,12,40
309,-330.71844,-330.69605,6.2036,911.98,16,8,32
311,-48.7104,-48.706494,0.4815,122.27,1,3,4
312,-167.38765,-167.379,3.7317,407.62,4,8,16
313,-97.009101,-96.998177,14.1878,159.78,9,2,2
314,-143.48871,-143.47446,2.6476,382.23,2,8,16
315,-60.247674,-60.242603,3.4366,146.07,3,1,6
316,-83.764964,-83.753917,19.7913,134.29,2,9,1
317,-50.987674,-50.982014,0.2372,121.35,3,1,4
318,-109.23989,-109.23197,20.151,200.83,8,4,4
319,-75.245704,-75.234706,7.742,202.67,4,2,6
320,-83.715274,-83.709369,19.0897,133.31,2,9,1
321,-116.73035,-116.72378,2.9101,291.36,2,6,12
322,-203.67857,-203.66172,3.1478,485.78,1,14,20
323,-129.1813,-129.17222,3.7235,254.8,9,1,10
324,-130.21369,-130.20586,0.3226,324.68,4,6,12
325,-97.743573,-97.730312,3.4422,147.5,6,6,2
326,-91.547772,-91.545908,4.375,288.03,2,4,10
327,-153.27238,-153.26389,2.7036,336.04,8,4,12
328,-426.90617,-426.87514,6.7786,1042.87,18,12,40
329,-65.336232,-65.331031,0.5061,198.35,2,2,8
330,-637.09711,-637.05492,35.3079,1533.65,42,8,50
331,-326.92207,-326.89946,3.6809,942.13,3,17,40
332,-53.933222,-53.927587,0.0231,136.73,2,2,5
333,-115.62926,-115.62327,1.3019,236.24,6,4,8
334,-78.320229,-78.314022,3.5217,187.78,4,1,8
335,-39.235641,-39.232833,0.0075,67.89,1,3,2
336,-82.685292,-82.680413,2.4019,204.25,1,5,8
337,-91.496182,-91.489546,5.3187,192.12,8,2,4
338,-42.195678,-42.193267,0.4878,123.53,2,1,4
339,-60.241097,-60.235881,3.394,145.75,3,1,6
340,-87.684289,-87.680812,5.3278,190.69,2,6,6
341,-132.30673,-132.29872,13.1231,270.79,8,4,8
342,-41.299561,-41.295183,0.5702,98.01,1,2,4
343,-54.239499,-54.233634,0.1821,142.05,2,2,5
344,-84.027791,-84.020964,3.1806,122.07,8,2,1
345,-46.04912,-46.041334,0.8618,101.47,1,3,4
346,-50.340921,-50.336762,3.0703,228.16,2,1,6
347,-280.11322,-280.0986,12.511,652.72,18,4,22
348,-43.010517,-43.00763,2.4524,96.07,2,1,4
349,-167.91811,-167.91559,11.0369,465.25,8,4,16
350,-242.27538,-242.26106,11.0687,603.5,12,4,24
351,-626.63881,-626.56268,48.7645,994.43,21,60,9
352,-256.94162,-256.92605,1.2134,674.64,12,6,24
353,-41.010924,-41.007595,0.1012,112.73,1,2,4
354,-56.562622,-56.554614,4.4636,179.18,2,2,6
355,-172.23165,-172.21959,0.0689,400.43,4,10,14
356,-170.36688,-170.35548,0.611,408.01,8,4,16
357,-51.018354,-51.013316,7.5012,108.23,4,1,3
358,-76.06904,-76.060925,0.6989,132.46,1,7,4
359,-84.997207,-84.993122,4.1081,204.89,3,3,8
360,-67.546927,-67.542177,4.6815,209.55,3,1,8
361,-113.01295,-113.00631,8.3233,240.94,8,1,8
362,-68.830162,-68.826807,1.9259,161.86,2,2,8
363,-54.73985,-54.737507,0.0207,123.8,1,4,4
364,-128.51796,-128.50706,1.1171,261.74,4,8,8
365,-184.67828,-184.66438,4.136,473.23,3,11,18
366,-48.671187,-48.668027,0.8254,152.24,1,2,6
367,-382.79691,-382.77703,43.5322,974.33,24,7,32
368,-23.942061,-23.93904,2.9353,53.68,1,1,2
369,-235.74229,-235.72182,9.6757,630.36,7,9,24
370,-217.8148,-217.80896,9.3482,586.98,12,1,24
371,-153.16716,-153.15431,0.5317,344.53,8,4,12
372,-113.03043,-113.02205,20.5377,178.93,8,4,4
373,-56.165629,-56.1622,6.9393,90.66,3,4,1
374,-40.135021,-40.130196,1.5849,111.18,1,2,4
375,-77.143682,-77.136927,6.2055,201.84,4,1,8
376,-72.964732,-72.958121,1.9897,221,2,4,6
377,-48.764972,-48.760014,1.5618,229.56,1,2,6
378,-174.01445,-174.0053,16.9985,445.47,9,3,16
379,-123.382,-123.36991,10.4085,225.95,11,2,4
380,-149.87151,-149.86827,6.001,426.85,4,6,16
381,-23.349703,-23.34772,0.0158,58.35,1,1,2
382,-118.43139,-118.4258,0.459,346.9,4,4,12
383,-48.787459,-48.786125,0.7238,114.47,2,2,4
384,-918.38508,-918.32851,42.5167,2392.22,16,48,96
385,-60.142636,-60.139383,17.9789,96.31,6,1,1
386,-69.098787,-69.092317,1.1397,123.53,1,6,4
387,-76.166598,-76.162211,7.881,207.87,4,1,8
388,-165.55594,-165.54885,6.0331,471.36,8,4,16
389,-163.22876,-163.21852,2.4641,384.19,1,11,16
390,-58.067479,-58.061155,4.0354,131.32,1,4,5
391,-84.463444,-84.455574,10.6876,210.85,5,1,8
392,-368.40334,-368.38771,23.851,997.49,22,3,36
395,-24.939466,-24.938312,0.4189,61.18,1,1,2
396,-41.547408,-41.545658,0,96.79,1,2,4
397,-197.70266,-197.69341,4.1448,521.33,10,3,20
398,-104.98245,-104.97948,1.9972,247.56,4,2,12
399,-122.14807,-122.1266,1.0862,165.27,12,3,1
400,-119.42547,-119.41888,6.8297,195.87,6,6,6
401,-71.385067,-71.379158,2.4221,207.96,1,4,8
402,-147.66582,-147.65721,12.6849,332.96,8,4,12
403,-257.62814,-257.60929,10.4771,509.09,18,2,20
404,-147.36923,-147.3559,0.6754,385.72,4,8,12
405,-108.45051,-108.43857,4.5539,298.19,4,4,10
406,-61.120443,-61.116459,7.6312,100.91,4,2,3
407,-33.480859,-33.476174,1.3077,101.9,1,1,4
408,-65.674683,-65.668953,1.7755,202.44,1,3,8
409,-86.945427,-86.939776,6.629,208.01,5,1,8
410,-148.58197,-148.57704,4.7817,382.8,8,1,16
411,-48.285748,-48.282955,0.647,99.9,1,3,4
412,-118.9197,-118.91168,0.0057,248.72,1,9,10
413,-172.06366,-172.05337,8.8676,382.59,8,4,16
415,-108.55522,-108.54689,4.2701,259.48,4,4,10
416,-371.89523,-371.86535,3.7218,786.92,25,6,27
417,-421.42622,-421.39226,9.7445,1018.88,12,18,40
418,-24.08739,-24.08099,1.0376,55.62,1,1,2
419,-130.73749,-130.72906,0,942.45,4,4,16
420,-41.30966,-41.306828,0.5909,119.19,1,2,4
421,-340.5674,-340.54365,7.8313,863.54,3,24,32
422,-37.934138,-37.931369,0.3904,90.94,2,1,3
423,-78.008943,-78.002177,7.1556,150.35,4,4,4
424,-171.16804,-171.15469,3.524,476.07,8,4,16
425,-65.66267,-65.658308,0,201.01,2,2,8
426,-83.597633,-83.592033,4.4852,225.3,2,4,8
427,-204.83236,-204.82231,3.9057,480.42,2,13,20
428,-172.10171,-172.09256,8.8198,380.24,8,4,16
429,-33.548666,-33.546901,1.2821,99.05,1,1,4
430,-42.195784,-42.19131,0.2212,118.46,2,1,4
431,-76.062885,-76.05812,0.5845,193.9,4,2,6
432,-415.15284,-415.12905,0.1746,919.24,1,35,32
433,-177.92476,-177.91269,0.0258,434.92,2,12,16
434,-57.164919,-57.162306,2.5393,174.73,1,3,6
435,-54.067429,-54.063008,0.0096,142.22,2,2,5
436,-123.54828,-123.54163,14.3741,200.62,9,3,6
437,-41.308495,-41.304551,0.4265,116.81,1,2,4
439,-432.79125,-432.76584,14.424,1322.05,9,20,50
440,-74.784331,-74.781636,1.2121,190.53,1,4,8
441,-48.412572,-48.40883,4.1346,125.75,1,4,3
442,-185.91029,-185.90013,0.7646,611.62,3,8,24
443,-65.549711,-65.544094,13.1649,113.23,6,1,2
444,-74.436372,-74.431482,0,166.48,2,4,6
445,-25.521427,-25.517393,0.6822,59.74,2,1,1
446,-40.319589,-40.317963,0,68.02,2,2,2
447,-24.490604,-24.487839,1.3211,65.36,1,1,2
448,-87.98078,-87.978772,1.6479,212.55,1,6,8
449,-170.67576,-170.66628,2.9337,468.82,8,4,16
450,-48.786027,-48.777323,0.0183,122.37,1,3,4
451,-55.252914,-55.245373,4.703,131.34,1,4,4
452,-185.68341,-185.66698,0.0461,432.35,3,12,16
453,-177.31515,-177.30908,0.6718,410.58,8,2,20
454,-450.40492,-450.37723,33.6184,1214.12,30,4,38
455,-59.304844,-59.302411,2.6036,150.19,2,2,6
456,-115.82623,-115.82118,4.6191,198.21,3,9,6
457,-160.99132,-160.97907,16.7463,477.29,4,8,16
458,-362.57164,-362.55138,4.7438,839.95,17,10,32
459,-328.32354,-328.2979,52.2813,536.64,16,20,12
460,-82.925968,-82.919751,2.2768,202.46,2,4,8
462,-260.46747,-260.44584,0,752.9,1,15,32
463,-76.461754,-76.458198,6.1206,216.93,4,1,8
464,-116.71572,-116.70929,2.9078,289.87,2,6,12
465,-64.790265,-64.788444,0.9097,211.35,1,3,8
466,-116.01497,-116.00745,3.8996,198.2,3,9,6
467,-90.775065,-90.772099,1.1264,237.11,1,5,10
468,-146.16343,-146.15251,6.3026,303.98,4,8,12
469,-106.98777,-106.98391,1.3323,282.91,1,6,12
470,-84.57295,-84.563941,8.2751,198.86,2,6,6
471,-177.82265,-177.80677,0.0134,434.88,2,12,16
472,-697.19974,-697.15486,23.1359,1855.74,12,36,72
473,-48.25372,-48.249916,6.1894,105.42,2,2,4
474,-59.413508,-59.409674,2.566,146.82,2,2,6
475,-267.73624,-267.71199,0,787.01,1,16,32
476,-163.58211,-163.57832,14.7058,394.81,4,8,16
477,-124.01936,-124.01228,2.9849,288.87,2,7,12
478,-13.964884,-13.94552,6.1019,377.14,2,1,3
479,-60.649867,-60.642515,4.4933,150.38,1,5,4
481,-78.316734,-78.310157,3.4394,186.67,4,1,8
482,-165.93123,-165.91916,11.1043,429.22,8,4,16
483,-42.522728,-42.518236,0.6077,116.16,2,1,4
484,-80.54746,-80.54558,2.8652,215.49,1,5,8
485,-217.77821,-217.76774,11.4528,584.9,12,1,24
486,-48.645029,-48.640934,3.8617,124.46,1,4,3
487,-42.481504,-42.477055,0.9158,116.96,2,1,4
488,-41.855638,-41.853404,4.9956,107.25,2,1,4
489,-167.24065,-167.23589,7.4248,394.41,4,8,16
490,-115.41673,-115.40567,0.4414,276.67,4,4,12
491,-95.613724,-95.602404,28.1451,220.02,8,4,2
492,-98.563364,-98.556797,0.0072,225.84,2,6,8
493,-24.939957,-24.938868,0.4283,60.84,1,1,2
494,-474.9771,-474.94382,8.6981,986.2,32,8,32
495,-172.339,-172.3279,3.7731,394.21,8,4,16
496,-152.98513,-152.97981,16.4305,392.64,8,2,16
497,-280.03232,-280.01896,59.3364,460.83,23,8,8
498,-67.017142,-67.014108,2.9998,202.85,2,2,8
499,-97.452366,-97.447936,2.9881,222.77,2,6,8
500,-275.30446,-275.29516,2.5313,823.4,2,16,32
501,-24.62989,-24.62725,0.5502,61.22,1,1,2
502,-57.515683,-57.511684,13.0005,88.87,3,4,1
503,-219.08288,-219.07102,18.7577,449.76,12,6,16
504,-42.667111,-42.664788,0.6087,120.72,2,1,4
505,-83.046919,-83.04089,0.6392,235.81,2,4,8
506,-266.00378,-265.99672,23.9096,764.61,12,8,24
507,-131.58798,-131.57552,0.0366,360.42,4,6,12
508,-82.892632,-82.88466,0.3479,227.18,2,4,8
509,-56.56047,-56.553478,4.5185,187.85,2,2,6
510,-302.84373,-302.82563,1.3542,807.17,2,20,32
511,-42.759074,-42.7556,0.0001,118.04,2,1,4
512,-163.0529,-163.03883,1.8181,472.01,1,9,20
513,-55.781718,-55.774091,12.878,121.3,4,2,3
514,-133.80201,-133.79583,10.6775,333.43,6,4,12
515,-183.60566,-183.58439,48.0836,416.01,16,4,8
516,-24.719409,-24.716927,0.0001,53.95,1,1,2
517,-163.36099,-163.35429,14.3755,391.86,4,8,16
518,-110.32193,-110.31839,0.3885,240.94,4,4,10
519,-232.62041,-232.61238,10.3885,625.35,4,12,24
520,-106.35075,-106.34671,0,232.79,1,8,8
521,-59.115645,-59.110422,7.4207,159.35,2,4,4
522,-41.487357,-41.484891,0.8098,115.33,1,2,4
523,-24.802295,-24.802105,1.375,64.96,1,1,2
524,-67.652672,-67.648832,4.6549,281.76,3,1,8
525,-41.550898,-41.549106,1.9118,113.95,2,1,4
526,-107.35368,-107.34557,18.1851,182.27,4,8,4
527,-74.688199,-74.687875,0,272.12,2,2,10
528,-35.895634,-35.889534,0.0468,92.3,1,3,2
529,-57.37131,-57.366762,4.8239,89.91,4,3,1
530,-167.81355,-167.80444,3.7256,466.85,8,4,16
531,-203.63268,-203.62195,0.0028,606.06,1,12,24
532,-76.652085,-76.646412,3.3467,205.56,3,2,8
533,-124.04627,-124.0435,3.2989,292.06,2,7,12
534,-50.457129,-50.454176,4.1408,103.94,1,4,3
535,-32.681297,-32.677891,6.045,73.7,2,1,2
536,-113.00036,-112.99188,1.8729,367.6,2,6,12
537,-172.10236,-172.09208,8.6584,381.38,8,4,16
538,-261.35927,-261.34414,12.3688,650.14,4,18,22
539,-726.31214,-726.25966,35.0535,1815.27,36,12,72
540,-88.805162,-88.798429,0.0732,232.62,1,6,8
541,-86.322933,-86.319738,7.9999,222.94,4,2,8
542,-37.921468,-37.917768,0.0409,91.57,2,1,3
543,-85.745021,-85.738129,6.4143,211.27,4,2,8
544,-112.4267,-112.41942,19.2471,181.97,8,4,4
545,-48.595175,-48.592085,0.903,121.44,1,3,4
546,-91.350741,-91.343682,0.2368,209.31,3,4,8
547,-240.79009,-240.77746,0.1796,523.86,12,8,18
548,-82.337537,-82.333179,6.4079,201.28,6,1,6
549,-34.414622,-34.413786,1,83.62,1,1,4
550,-89.292953,-89.2827,3.1759,255.16,2,4,10
551,-239.05959,-239.04425,3.2395,607.43,3,14,24
552,-167.20176,-167.19102,5.9854,388.86,4,8,16
553,-228.36131,-228.34084,20.778,448.05,4,20,12
554,-46.752412,-46.749629,3.8072,118.82,2,2,4
555,-172.77527,-172.76494,2.2664,397.89,8,4,16
556,-49.284378,-49.283008,5.9919,106.95,2,2,4
557,-177.97085,-177.95694,0.1561,446.28,2,12,16
558,-220.20246,-220.18926,15.667,477.62,14,1,20
559,-42.367499,-42.365227,2.2165,101.65,2,1,4
560,-63.73967,-63.732256,12.7401,139.1,4,2,4
561,-245.44512,-245.43477,4.8327,593.14,13,4,23
562,-41.676358,-41.674968,2.1053,96.24,1,2,4
563,-360.71396,-360.68538,0.0066,921.52,2,24,38
564,-145.50464,-145.49608,0.4127,331.43,4,8,12
565,-218.80663,-218.79196,13.6099,476.98,13,2,20
566,-89.780448,-89.771321,13.8637,154.01,2,9,2
567,-220.18723,-220.17337,15.6045,477.07,14,1,20
568,-50.406613,-50.404351,0.6962,138.72,2,2,4
569,-156.35799,-156.33157,10.6026,239.44,15,5,1
570,-21.655037,-21.652617,1.5819,60.69,1,1,2
571,-33.059431,-33.056309,1.7178,101.35,1,1,4
572,-74.447208,-74.445716,0,205.37,1,4,8
573,-96.352759,-96.344736,0.1474,243.06,1,7,8
574,-65.913709,-65.90685,1.1106,187,1,3,8
575,-337.61912,-337.59587,5.3091,814.99,10,14,32
576,-456.97706,-456.95448,33.184,1181.61,8,24,48
577,-84.788603,-84.784885,2.8234,190.6,3,3,8
578,-118.22512,-118.21819,11.6446,296.52,6,2,12
579,-90.607198,-90.594979,1.4493,125.1,9,2,1
580,-50.989977,-50.984453,0.275,121.55,3,1,4
581,-58.135823,-58.130165,14.0855,92.05,4,3,1
582,-328.49642,-328.48356,0.5775,930.1,8,16,32
583,-226.43487,-226.41491,16.5888,603.41,12,4,22
584,-162.02457,-162.0124,4.6214,422.98,4,8,16
585,-132.50647,-132.49971,13.5355,313.09,8,4,8
586,-120.82151,-120.81069,6.7012,290.8,6,2,12
587,-64.422217,-64.418507,2.3375,206.83,1,3,8
588,-50.669594,-50.666065,6.427,106.88,3,1,4
589,-84.960866,-84.94876,1.8061,230.55,4,2,8
590,-82.463087,-82.458053,2.3801,135.84,6,2,4
591,-354.59943,-354.56007,22.229,697.72,8,32,16
592,-40.941287,-40.936256,0.2722,119.24,1,2,4
593,-136.17809,-136.16372,3.4155,237.42,5,9,7
594,-39.929026,-39.926857,2.2535,111.24,1,2,4
595,-177.79833,-177.78459,24.7436,324.92,4,16,8
596,-179.87286,-179.86466,14.7362,425.86,12,1,16
597,-158.49544,-158.4888,4.0194,387.98,3,8,16
598,-51.784489,-51.78032,0.1964,120.06,4,1,3
599,-99.570651,-99.569455,25.3264,161.2,6,6,2
600,-51.567631,-51.564867,0.3426,119.41,4,1,3
602,-21.634516,-21.629993,0.6469,81.58,1,1,2
603,-161.7372,-161.73263,1.4645,471.67,8,4,14
604,-52.599213,-52.596536,13.9488,151.52,3,4,1
605,-70.769757,-70.766457,7.3714,165.32,2,4,6
606,-60.010353,-60.006766,11.3276,91.99,6,1,1
607,-131.85869,-131.85173,2.0737,424.91,2,6,16
608,-42.972534,-42.968976,2.146,96.34,2,1,4
609,-36.841068,-36.837627,0.5056,95.5,1,2,3
610,-105.40289,-105.39748,9.9545,280.39,2,8,8
611,-143.64714,-143.64071,1.9857,537.98,8,2,14
612,-25.259914,-25.257364,0.7425,72.21,1,1,2
613,-451.79234,-451.75418,37.4989,964.02,35,1,32
616,-239.0416,-239.0262,3.2078,608.13,3,14,24
617,-87.09047,-87.083477,4.5556,208.77,5,1,8
619,-496.35576,-496.3246,37.7578,1083.17,30,10,38
620,-83.777558,-83.766674,19.0752,133.65,2,9,1
621,-54.45114,-54.4492,1.7484,145.9,2,2,5
623,-110.83691,-110.82966,4.2818,283.19,8,2,8
624,-175.92611,-175.91315,12.1626,381.79,11,1,16
625,-97.273718,-97.266728,4.3144,216.91,2,6,8
626,-108.20778,-108.20302,0.3232,233.5,3,6,8
627,-97.148543,-97.141887,1.7521,248.76,2,6,8
629,-40.696604,-40.694954,3.9392,107.09,1,2,4
630,-24.355699,-24.353177,0.4574,58.95,1,1,2
632,-41.35122,-41.348109,0.3381,118.83,1,2,4
633,-73.499598,-73.495297,0,148.54,2,4,6
634,-130.27493,-130.26855,7.2565,286.16,7,2,12
636,-41.441033,-41.438809,1.4009,106.01,2,1,4
637,-24.741092,-24.740123,0.1183,54.16,1,1,2
638,-111.85473,-111.84515,0.9129,284.92,2,6,12
639,-59.771022,-59.766454,4.3236,174.31,3,1,6
640,-61.476124,-61.463147,12.7421,132.26,2,6,2
641,-456.69582,-456.66634,45.1336,1084.19,30,4,38
644,-386.9436,-386.91668,8.5468,942.96,24,2,38
645,-76.546338,-76.543333,7.3326,205.35,4,1,8
646,-42.59169,-42.589302,3.0026,99.05,2,1,4
647,-72.564542,-72.563688,0,222.28,1,4,8
648,-89.593674,-89.584818,0.5751,240.14,1,5,10
649,-75.718333,-75.712552,0.3089,197.31,4,2,6
650,-66.63281,-66.628152,0,180.4,3,2,6
652,-113.4262,-113.41288,26.0431,177.42,3,12,1
653,-65.322602,-65.318145,2.795,235.98,2,2,8
654,-99.307719,-99.299937,5.7516,263.79,4,4,8
655,-217.52705,-217.51088,13.3218,477.65,12,3,20
656,-186.11952,-186.10815,4.4583,440.7,3,12,16
657,-128.62252,-128.61237,9.1179,255.27,4,8,8
659,-83.486164,-83.482393,1.1333,204.15,2,4,8
660,-52.556268,-52.552229,10.2556,95.19,2,4,2
661,-95.604584,-95.598471,4.3044,240.84,5,1,10
662,-125.76568,-125.75708,11.4737,285.62,4,8,8
665,-337.2516,-337.22774,0.0004,958.21,16,8,32
666,-42.260279,-42.257673,1.1482,103.02,2,1,4
668,-85.9085,-85.904138,2.1049,191.8,4,2,8
669,-51.235424,-51.232743,1.6909,136.07,3,1,4
671,-59.508494,-59.504573,1.7113,140.55,2,2,6
673,-40.274376,-40.270023,1.7591,131.85,1,2,4
674,-257.01597,-257.00521,0.1374,672.46,12,6,24
675,-67.011745,-67.008547,2.9927,201.09,2,2,8
677,-192.16723,-192.15774,28.3755,320.19,6,16,7
678,-83.684674,-83.680606,3.9076,206.24,2,4,8
679,-163.16549,-163.156,15.0166,393.31,4,8,16
680,-151.14666,-151.13652,7.3965,301.89,8,4,12
681,-85.008702,-85.00152,0.4828,239.54,4,2,8
682,-113.02011,-113.01337,8.3257,240.97,8,1,8
683,-41.868337,-41.863304,2.5933,118.46,2,1,4
684,-32.828427,-32.825379,1.1348,96.55,1,1,4
685,-367.96299,-367.93703,2.8574,875.43,24,3,32
686,-167.01868,-167.00876,4.4695,423.68,2,8,20
687,-119.51981,-119.51186,9.1815,199.6,6,6,6
688,-241.66664,-241.65093,8.6333,613.24,13,3,24
689,-540.31713,-540.27691,34.5096,973.4,14,42,28
690,-213.94804,-213.92676,44.9148,335.79,20,3,6
692,-172.24426,-172.23184,0.0525,399.72,4,10,14
693,-40.670482,-40.668194,2.2428,119.37,1,2,4
694,-220.13009,-220.11417,21.105,460.02,12,5,18
695,-57.207948,-57.206424,2.2909,176.66,2,2,6
697,-32.76616,-32.76373,1.4269,60.17,2,1,2
698,-38.927747,-38.924908,2.3116,113.07,1,2,4
699,-122.80276,-122.79271,5.7892,179.69,12,3,1
700,-84.426841,-84.415464,5.2269,238.57,3,2,10
701,-41.029806,-41.024366,0.0227,119.38,1,2,4
702,-83.950302,-83.944799,7.0703,122.77,8,2,1
703,-203.6613,-203.65059,0.0226,608.76,1,12,24
704,-120.98056,-120.97258,0.4351,305.62,2,8,10
706,-65.101305,-65.097836,1.8601,170.85,1,4,6
707,-117.26423,-117.25363,26.7686,247.08,8,4,6
708,-93.014697,-93.009474,2.0931,205.78,4,3,8
709,-133.07055,-133.06332,7.0259,348.27,6,4,12
710,-114.28731,-114.27861,2.0757,296.6,4,4,12
711,-262.25577,-262.24157,20.9019,779.54,8,12,24
712,-248.94113,-248.92217,3.1988,655.63,6,12,24
713,-41.304875,-41.301045,4.1373,111.89,2,1,4
714,-108.22804,-108.21605,23.4444,177.57,2,12,2
715,-184.89558,-184.88029,12.1494,390.75,2,16,12
716,-74.443421,-74.43843,1.2081,276.24,2,2,10
717,-91.233074,-91.225378,11.1878,228.74,6,2,6
718,-84.782305,-84.778601,2.8487,191.14,3,3,8
719,-86.64745,-86.628359,3.552,213.59,6,2,6
720,-33.562155,-33.560021,1.3342,95.82,1,1,4
721,-85.155348,-85.149569,2.2909,232.15,4,2,8
722,-118.43206,-118.4215,0.0052,357.41,6,2,12
723,-76.815894,-76.811433,0.3799,208.41,3,2,8
724,-24.642209,-24.636871,0.2965,51.78,1,2,1
725,-76.280998,-76.277623,0.0247,272.22,4,1,8
726,-341.15611,-341.13373,14.3163,835.19,14,10,32
727,-113.94881,-113.93959,2.2625,291.23,4,4,12
728,-59.4185,-59.414617,2.5727,145.79,2,2,6
729,-218.74738,-218.735,0.7581,627.54,1,15,24
730,-169.53106,-169.51942,6.1307,407.95,4,11,13
731,-33.561889,-33.559878,1.3411,96.56,1,1,4
732,-312.57455,-312.559,18.2533,805.63,18,2,32
733,-533.1168,-533.07597,10.9902,956.43,8,48,28
734,-24.915521,-24.913418,0.9481,62.09,1,1,2
735,-60.006979,-59.999138,8.7599,109.93,1,6,2
736,-83.84852,-83.841782,19.0721,133.07,2,9,1
737,-451.8498,-451.84177,17.2807,1263.93,20,9,50
738,-108.19719,-108.19245,0.3132,232.64,3,6,8
740,-242.20036,-242.18433,13.2397,604.22,12,4,24
741,-41.678243,-41.676048,1.1198,136.86,1,2,4
742,-42.991776,-42.987851,2.6911,95.73,2,1,4
743,-72.553771,-72.548015,3.0262,153.53,4,2,6
744,-186.91597,-186.90459,39.4002,324.86,17,4,4
745,-56.923733,-56.923143,14.6667,92.16,3,4,1
746,-200.66866,-200.6536,37.8564,350.33,6,18,6
747,-84.977913,-84.970804,1.4279,235.19,4,2,8
748,-85.145654,-85.140037,7.9636,203.96,5,1,8
749,-78.103026,-78.093551,4.239,200.25,4,1,8
750,-94.548382,-94.539113,8.1279,253.96,5,1,10
751,-109.67001,-109.66675,8.1721,243.13,2,8,8
752,-96.136921,-96.132059,21.8197,179.28,8,2,4
753,-168.67811,-168.672,0.9704,465.83,8,4,16
754,-206.18897,-206.17735,5.3668,483.57,3,12,20
755,-70.585593,-70.584516,0.7609,164.05,3,1,8
756,-123.04597,-123.03549,8.0277,172.77,12,3,1
757,-93.546217,-93.542742,4.9778,215.67,4,3,8
758,-163.2299,-163.21363,4.9563,413.29,2,10,16
759,-68.450661,-68.447281,5.2716,221.63,3,1,8
760,-210.25256,-210.24161,14.2162,456.84,6,12,16
761,-699.64261,-699.55199,103.9707,2373.13,36,12,72
762,-211.83833,-211.8265,3.446,447.07,5,12,18
763,-73.746841,-73.738846,9.3708,170.16,4,2,6
764,-421.09821,-421.08075,23.3932,825.93,30,4,30
765,-82.277289,-82.274029,2.1841,194.92,1,5,8
767,-162.17861,-162.15533,34.5376,265.19,3,18,3
768,-163.04249,-163.03197,1.8197,384.12,1,11,16
769,-147.26666,-147.25978,0.7966,309.46,4,8,12
770,-37.972154,-37.97088,1.1588,91.51,2,1,3
771,-147.878,-147.87041,2.7701,384.27,4,8,12
772,-227.60902,-227.59218,5.6316,699.72,4,12,24
773,-201.57034,-201.55845,45.6311,337.72,12,12,4
774,-64.055828,-64.052456,1.8552,118.26,1,6,3
776,-112.01321,-112.00009,20.7961,228.08,4,8,6
777,-455.87906,-455.84386,41.1289,1080.62,30,4,38
778,-41.697618,-41.693522,0.0191,95.54,1,2,4
779,-83.04071,-83.035391,4.3931,200.77,2,4,8
780,-402.89614,-402.86834,6.0511,1035.81,7,22,40
781,-108.98203,-108.97449,0.0001,284.55,4,4,10
782,-253.57072,-253.55396,1.3804,637.95,2,18,24
783,-105.44484,-105.4384,10.2349,279.02,2,8,8
784,-73.291765,-73.282156,1.2472,190.88,2,4,6
785,-85.064796,-85.058188,6.8153,198.13,4,2,8
786,-83.981203,-83.977184,8.7475,133.26,7,1,4
787,-329.89651,-329.86249,0.6038,461.06,31,11,1
788,-135.37379,-135.3693,3.8038,530.79,2,8,14
789,-339.72822,-339.70947,0.6896,941.73,16,8,32
790,-161.45396,-161.44304,32.3591,251.95,16,1,5
791,-111.11515,-111.10874,3.0451,244.61,6,3,8
792,-101.55445,-101.55074,1.7416,251.66,2,4,12
793,-85.003307,-84.99926,4.1106,204.26,3,3,8
794,-166.99257,-166.98164,3.0813,385.09,4,8,16
795,-87.354585,-87.350003,5.2158,190.17,5,1,8
796,-113.20983,-113.20147,15.5366,223.4,2,11,4
797,-240.81373,-240.80014,0.2606,524.05,12,8,18
798,-522.0724,-522.0482,32.9819,1284.64,24,16,44
799,-62.969282,-62.963693,1.7731,133.76,1,5,4
800,-47.761956,-47.756793,4.9526,110.73,1,4,3
801,-161.8896,-161.87856,1.1062,409.84,4,8,16
802,-167.23069,-167.22448,3.2649,433.33,1,12,16
803,-128.81397,-128.8023,6.9835,302.66,4,6,12
804,-65.930233,-65.92558,0.0411,215.04,2,2,8
805,-195.58403,-195.5749,6.8535,512.07,3,11,20
806,-37.231847,-37.227641,4.7796,86.12,1,3,2
807,-90.679878,-90.672858,0.0088,235.68,1,5,10
808,-54.221041,-54.217206,2.023,144.64,2,2,5
810,-83.169486,-83.165069,1.2334,230.73,2,4,8
811,-83.463127,-83.458217,0.9689,192.92,2,4,8
812,-75.261493,-75.253563,8.5543,201.32,4,2,6
813,-116.23952,-116.23153,10.7787,257.58,4,5,10
814,-217.54343,-217.52729,13.3239,477.93,12,3,20
815,-71.574449,-71.567161,2.2257,221.92,1,4,8
816,-117.57869,-117.57144,28.012,184.42,8,6,2
817,-153.24533,-153.23537,13.3933,414.62,8,2,16
818,-127.94478,-127.94015,7.8174,268,4,8,8
819,-52.931906,-52.911639,2.4815,84.43,1,6,1
820,-41.438368,-41.43372,0,102.39,1,2,4
821,-99.842843,-99.838119,3.2147,185.55,6,3,6
822,-149.53328,-149.52384,40.8022,236.41,10,9,1
823,-237.57153,-237.55289,11.364,489.82,16,4,16
824,-82.26771,-82.264361,2.1771,194.27,1,5,8
825,-67.161398,-67.156569,2.4704,173.89,3,2,6
827,-49.514889,-49.510889,2.4236,99.74,2,2,4
828,-70.288045,-70.283475,14.484,115.89,4,4,2
829,-108.77361,-108.76459,4.2237,285.51,4,4,10
830,-171.09992,-171.08938,2.8224,468.44,8,4,16
831,-42.242834,-42.238884,0.0307,118.89,2,1,4
832,-80.424646,-80.421205,2.1652,250.64,1,4,10
833,-23.669454,-23.662945,1.3649,58.6,1,1,2
834,-84.56962,-84.560498,0.3553,202.35,3,3,8
835,-102.58314,-102.57641,2.5061,226.32,6,2,8
836,-42.684693,-42.68271,3.0705,99.79,2,1,4
837,-103.13268,-103.1295,8.2426,223.86,6,2,8
838,-123.00322,-122.9927,13.9194,178.9,12,3,1
839,-58.410657,-58.407048,3.5235,125.27,4,1,4
840,-280.60337,-280.60234,2.4813,932.95,15,1,32
841,-365.02466,-365.00627,7.8872,908,5,24,32
842,-365.05882,-365.02538,35.1726,928.79,7,24,32
843,-203.2516,-203.22806,0.7433,286.18,24,1,1
844,-472.28835,-472.24654,29.6432,1094.49,10,30,38
845,-80.606172,-80.604523,2.2143,257.82,1,4,10
846,-42.08135,-42.080087,0.3304,113.64,2,1,4
847,-31.564188,-31.562667,4.1831,63.92,1,2,2
848,-191.60513,-191.59698,17.0751,443.6,12,2,16
849,-421.97081,-421.94027,0.0197,1056.79,4,30,38
850,-181.71334,-181.69047,0.0732,377.25,2,18,10
851,-48.03655,-48.031969,0.0003,122.68,1,3,4
852,-329.18072,-329.15588,54.4482,534.43,16,20,12
853,-171.75574,-171.74013,34.5399,281.23,12,8,4
854,-115.95869,-115.94975,6.0159,239.89,8,2,8
855,-150.92069,-150.91547,0.2932,574.85,5,3,20
856,-152.83666,-152.82388,4.8047,367.1,8,4,12
857,-184.50911,-184.49159,5.3369,386.99,2,16,12
858,-178.46182,-178.45146,3.4399,419.63,6,6,18
859,-96.050947,-96.042672,8.2419,182.59,1,10,4
860,-421.27315,-421.23796,7.2896,1016.4,12,18,40
861,-113.07424,-113.06773,4.1894,283.09,6,1,12
862,-54.109961,-54.107935,0.1385,142.44,2,2,5
864,-61.1135,-61.112372,4.2348,98.12,4,2,3
865,-53.850152,-53.847049,7.737,90.45,2,4,2
866,-234.52705,-234.47817,0.3303,493.59,20,13,3
867,-35.441902,-35.43741,1.8509,81.22,1,2,3
868,-64.567917,-64.562346,1.7996,200.14,1,3,8
869,-94.837767,-94.832461,22.3743,168.07,4,8,2
870,-118.11635,-118.11012,1.2161,322.97,4,4,12
871,-172.31749,-172.30621,3.7602,392.95,8,4,16
873,-96.503457,-96.491275,2.0609,191.08,3,6,6
874,-102.86085,-102.85184,13.3971,266.54,8,2,6
875,-217.45122,-217.44033,5.8029,617.56,4,12,22
876,-238.01561,-237.99538,0.2264,497.64,2,18,20
877,-84.988671,-84.984617,4.1167,203.82,3,3,8
878,-89.902823,-89.891278,15.6003,136.72,8,3,1
879,-179.65572,-179.64415,6.6971,370.6,8,8,12
880,-7.060727,-7.059062,0.0658,62.62,2,2,1
881,-143.98778,-143.98052,0.1555,371.31,4,8,12
882,-71.9739,-71.970024,0.5601,115.41,4,5,1
883,-115.98326,-115.97382,3.5551,197.54,3,9,6
885,-167.99861,-167.99549,3.9975,404.7,8,4,16
886,-50.479123,-50.473137,0.0014,121.31,3,1,4
887,-228.12585,-228.11306,10.988,549.52,10,7,20
888,-132.53971,-132.53137,0,313.3,4,6,12
889,-117.78646,-117.78184,0,319.85,4,4,12
890,-48.643417,-48.640916,2.4085,123.62,1,3,4
891,-87.346652,-87.342006,5.2073,189.84,5,1,8
892,-41.326332,-41.321525,0.6555,116.25,1,2,4
893,-133.3653,-133.35747,19.724,315.62,6,4,12
894,-129.47982,-129.46581,34.953,203.25,12,4,1
896,-163.36317,-163.35378,14.2146,419.54,10,1,16
897,-489.21309,-489.18448,20.1709,1210.66,21,12,48
898,-242.2506,-242.23618,11.0674,603.8,12,4,24
899,-49.347611,-49.343927,3.2794,114.26,2,2,4
900,-33.55567,-33.553007,1.5809,97.54,1,1,4
901,-68.438312,-68.434663,5.2802,222.16,3,1,8
902,-118.19621,-118.18665,0.0325,316,4,4,12
903,-251.4194,-251.40588,9.2784,622.61,14,3,24
904,-120.48751,-120.47942,6.9879,293.44,6,2,12
905,-237.22412,-237.21153,7.0752,683.86,12,4,24
906,-25.248082,-25.24565,0.7375,68.97,1,1,2
907,-120.48057,-120.47306,6.9763,292.67,6,2,12
908,-117.42864,-117.42004,0.0195,308.74,4,4,12
909,-36.849903,-36.845675,0.2745,93.76,1,2,3
910,-18.626096,-18.623398,2.8062,40.65,1,1,1
911,-222.47382,-222.46424,0.0001,487.73,4,16,16
912,-48.365766,-48.363316,2.942,102.84,1,3,4
913,-49.194215,-49.18872,2.3169,102.14,1,4,3
914,-260.47329,-260.45163,0,756.52,1,15,32
915,-188.37191,-188.36189,50.4085,309.62,17,4,4
916,-64.113734,-64.10983,1.1308,150.93,4,1,5
917,-82.279452,-82.274931,1.4091,191.46,1,5,8
918,-133.27979,-133.26191,24.3382,221.04,4,12,4
919,-38.668632,-38.664592,9.1766,77.31,2,2,2
920,-67.67402,-67.671055,4.6864,207.18,3,1,8
921,-108.54719,-108.54041,0.8599,296.31,4,4,10
922,-49.059117,-49.05677,0.7231,126.25,1,3,4
924,-148.13622,-148.12473,4.089,376.23,4,8,12
925,-105.89725,-105.88776,13.2717,178.45,3,9,4
926,-76.6339,-76.627182,0.6723,166.02,4,2,6
927,-134.20226,-134.18837,0.0218,361.72,6,4,12
928,-165.91021,-165.8976,1.4707,457.07,4,8,16
929,-47.444537,-47.436329,4.6663,115.57,2,2,4
930,-40.61456,-40.611588,0,120.5,1,2,4
931,-108.97153,-108.96336,17.4728,179.55,5,7,4
932,-72.383902,-72.376075,1.1845,288.15,1,4,8
933,-50.969504,-50.966513,0.2309,120.85,3,1,4
934,-87.920202,-87.914647,2.0802,252.93,2,4,10
935,-79.184831,-79.176584,10.2033,154.65,4,4,4
936,-238.45808,-238.43618,5.6505,615.89,9,7,24
937,-111.78452,-111.77767,5.7305,293.08,2,6,12
938,-109.65663,-109.65408,8.1789,242.77,2,8,8
939,-91.528268,-91.524553,4.3548,279.83,2,4,10
940,-519.93175,-519.89879,24.5234,1246.59,24,16,44
941,-193.20723,-193.19851,3.0605,632.31,8,3,24
942,-56.544911,-56.535926,4.6151,183.15,2,2,6
943,-40.793203,-40.790107,4.9871,100.15,2,1,4
944,-178.22986,-178.22041,1.6413,389.55,10,6,12
945,-390.04085,-390.02129,35.7174,940.75,24,5,32
946,-108.96997,-108.96262,0.0001,281.7,4,4,10
947,-73.269875,-73.26275,0.1907,184.12,2,4,6
948,-57.149236,-57.146669,2.5596,173.3,1,3,6
949,-133.43727,-133.42878,9.7421,268.11,10,2,8
950,-166.42623,-166.41954,15.8662,392.13,8,4,16
952,-99.858267,-99.853101,3.1696,186.25,6,3,6
953,-117.62384,-117.61815,1.4846,310.57,4,4,12
955,-163.05831,-163.04749,1.8539,385.57,1,11,16
956,-67.293263,-67.289568,1.3555,130.7,5,1,4
957,-99.852131,-99.847405,3.7097,243.91,2,5,10
958,-41.699071,-41.697185,1.5008,95.87,1,2,4
960,-88.49958,-88.488744,17.9697,206.29,6,2,6
961,-42.009037,-42.003688,0.0159,117,2,1,4
962,-308.34708,-308.32355,43.2228,729.96,14,9,28
963,-75.453215,-75.447065,0.5579,185.13,4,2,6
964,-163.96982,-163.96023,3.9003,385.4,8,3,16
965,-36.811913,-36.809337,1.9327,92,1,2,3
966,-177.69267,-177.68073,4.2265,402.34,4,12,13
967,-82.716122,-82.714199,9.9318,134.52,6,2,4
968,-85.91444,-85.91031,2.1141,192.3,4,2,8
969,-132.18177,-132.17348,6.3576,247.64,8,4,8
970,-92.599593,-92.594082,0.0002,227.57,3,4,8
971,-57.868944,-57.863681,0,179,2,2,6
972,-95.892881,-95.88903,9.2704,221.99,6,1,8
973,-292.30619,-292.27874,23.9935,811.7,16,2,32
974,-233.48856,-233.47488,4.6643,631.8,3,14,24
975,-265.29975,-265.2855,32.4306,611.78,16,8,16
976,-224.0386,-224.02637,7.3215,488.79,4,16,16
977,-85.754973,-85.747701,6.3724,210.45,4,2,8
978,-62.919286,-62.916249,0.3452,131.39,1,5,4
979,-95.902006,-95.897929,9.5997,233.17,6,1,8
980,-472.67377,-472.65597,46.0107,1126.79,30,4,40
981,-97.677105,-97.667743,7.5731,367.67,4,4,8
982,-99.787736,-99.781635,3.7376,243.82,2,5,10
983,-88.988499,-88.981618,11.0164,165.42,2,8,4
984,-107.59821,-107.5897,16.9935,177.54,4,8,4
985,-24.623317,-24.619111,0.0293,61.58,1,1,2
986,-85.804603,-85.795457,7.699,276.27,4,1,10
987,-235.75861,-235.73853,9.6351,628.28,7,9,24
988,-50.74736,-50.740892,1.0957,132.5,2,2,4
989,-41.512654,-41.508895,0.5024,113.89,1,2,4
990,-41.034023,-41.028123,0.0666,119.31,1,2,4
991,-167.3059,-167.29567,1.3,402.25,4,8,16
992,-103.01754,-103.01227,7.8662,223.24,6,2,8
994,-73.09033,-73.077505,3.2198,208.58,1,4,8
995,-48.712722,-48.70889,0.001,121.91,1,3,4
996,-108.80104,-108.79235,0.2245,278.82,4,4,10
997,-52.174713,-52.167409,0.4629,100.64,4,1,3
998,-84.724679,-84.716874,20.5145,218.66,7,2,4
999,-334.16848,-334.14868,54.9795,533.68,20,16,12
1000,-40.650051,-40.646072,0.1413,103.94,1,2,4
1001,-50.071232,-50.069723,0.0155,168.17,2,1,6
1002,-163.86871,-163.86027,0,474.05,4,8,16
1003,-136.47681,-136.47328,0.7437,444.17,2,8,14
1004,-78.556149,-78.552434,12.1946,165.29,4,4,4
1005,-75.659587,-75.65563,1.1002,203.84,2,3,8
1006,-83.617978,-83.613185,2.7555,225.07,2,4,8
1007,-230.99669,-230.97194,15.1689,413.99,8,16,12
1008,-144.29902,-144.28816,0.5898,474.57,8,2,14
1010,-87.301488,-87.298472,6.0022,191.52,5,1,8
1011,-40.489968,-40.484231,0.8278,128.38,1,2,4
1012,-148.63345,-148.62087,6.4932,302.95,2,14,8
1013,-65.667467,-65.663187,0,200.2,2,2,8
1014,-128.49023,-128.48444,13.8367,248.87,4,8,8
1015,-70.849756,-70.843655,8.4325,162.58,2,4,6
1016,-42.680696,-42.67874,3.0797,100.5,2,1,4
1017,-116.05063,-116.04092,2.9971,291.46,2,6,12
1018,-132.13286,-132.12276,12.1042,271.08,8,4,8
1019,-113.24579,-113.23864,6.6914,238.1,4,6,8
1020,-93.172539,-93.162018,3.3457,211.75,2,6,8
1021,-171.0988,-171.0766,0.2221,392.79,4,12,12
1022,-97.453948,-97.442594,4.4289,374.97,4,4,8
1023,-308.60154,-308.58205,10.0046,904.63,3,20,32
1024,-566.74677,-566.71546,52.2857,1320.76,36,5,48
1025,-67.28951,-67.283842,3.5644,133.95,5,1,4
1026,-451.49876,-451.42106,0.0687,875.49,32,8,32
1027,-198.46075,-198.45079,17.9299,446.18,12,3,16
1028,-130.77364,-130.76482,0.6462,941.11,4,4,16
1029,-83.040965,-83.032815,1.704,234.96,2,4,8
1030,-133.80201,-133.79498,10.8756,332.94,6,4,12
1031,-99.283452,-99.273871,4.8521,261.4,4,4,8
1032,-49.865554,-49.861626,0.0001,121.69,2,2,4
1033,-36.679343,-36.676067,6.6787,85.26,2,1,3
1034,-53.809041,-53.802468,4.2113,144.31,2,2,5
1035,-152.81785,-152.80547,4.8525,368.23,8,4,12
1036,-328.50003,-328.48711,0.6097,927.03,8,16,32
1037,-99.049031,-99.042831,0,223.32,4,4,8
1038,-774.56757,-774.49023,1.7168,1135.02,78,18,4
1039,-469.29475,-469.24541,81.1871,942.1,24,24,24
1040,-79.753843,-79.74884,0.1246,209.18,1,5,8
1041,-247.16728,-247.15788,9.8896,629.12,14,3,24
1042,-51.08032,-51.077198,1.1469,121.71,3,1,4
1043,-82.627611,-82.622698,6.8484,132.28,6,2,4
1044,-103.13249,-103.12942,8.2295,222.9,6,2,8
1045,-108.69183,-108.68433,3.6169,286.15,4,4,10
1046,-56.318749,-56.312623,0.015,126.68,1,4,4
1047,-121.55107,-121.53977,5.466,176.01,11,4,1
1048,-90.892438,-90.87974,0.1569,126.72,9,2,1
1049,-172.30519,-172.29786,16.0128,445.56,8,4,16
1050,-799.14344,-799.04153,3.4945,1090.07,89,10,4
1051,-175.91484,-175.90127,12.0181,381.23,11,1,16
1052,-334.25721,-334.22545,72.521,533.47,8,36,4
1053,-300.73823,-300.71216,62.0816,517.64,17,15,12
1054,-344.95228,-344.9315,29.1028,1132.91,17,3,40
1055,-83.478807,-83.474779,1.0503,205.36,2,4,8
1056,-93.785579,-93.77977,0.3748,225.6,4,3,8
1057,-42.734025,-42.73194,0.3614,114.86,2,1,4
1058,-58.168576,-58.157141,0.1177,129.38,1,4,5
1059,-103.64073,-103.63355,1.9843,242.31,8,1,7
1060,-277.67575,-277.65166,10.0127,594.17,18,4,22
1061,-223.73559,-223.71891,3.0577,545.32,7,10,20
1062,-49.940943,-49.938454,4.6504,107.01,1,4,3
1063,-62.340945,-62.334901,10.609,141.13,4,1,5
1064,-108.5629,-108.55616,0.8942,295.75,4,4,10
1065,-41.575695,-41.572906,0.6211,114.91,1,2,4
1066,-249.41516,-249.40043,5.2812,618.05,8,10,24
1067,-122.68985,-122.6768,11.5997,268.23,2,12,6
1068,-238.03826,-238.02187,0.3374,498.05,2,18,20
1069,-108.15616,-108.14611,0.0006,251.35,2,8,8
1071,-111.79088,-111.78427,18.9395,177.94,7,5,4
1072,-59.476159,-59.472065,1.222,134.86,4,1,4
1073,-34.493252,-34.487084,8.8515,111.57,1,3,2
1074,-178.98378,-178.97939,0,388.02,10,4,14
1075,-280.08337,-280.07673,6.7202,920.83,15,1,32
1076,-38.044472,-38.043513,0.8714,131.61,1,1,6
1077,-89.274786,-89.27017,7.2878,275.16,2,4,10
1078,-23.908571,-23.905296,2.9587,64.47,1,1,2
1079,-157.83783,-157.82808,0.7313,405.97,3,8,16
1080,-57.606939,-57.602915,1.9951,90.03,4,3,1
1081,-246.12693,-246.10885,33.2505,601.69,18,2,18
1082,-70.07928,-70.076069,15.4044,129.17,6,2,2
1083,-197.80431,-197.79837,1.0444,520.99,10,3,20
1084,-48.474751,-48.471688,0.3608,122.75,1,3,4
1085,-134.01115,-133.99945,5.3053,240.65,8,4,8
1086,-42.193455,-42.188939,0.2191,118.68,2,1,4
1087,-59.672586,-59.666743,6.9733,141.53,2,4,4
1088,-55.745349,-55.742492,8.624,90.42,4,2,2
1089,-69.75795,-69.75262,3.8867,118.8,6,1,3
1090,-137.2748,-137.26819,3.7817,432.98,1,8,16
1091,-60.528882,-60.523474,0.1975,153.26,1,4,5
1092,-171.92396,-171.91622,6.2205,386,8,4,16
1093,-50.736602,-50.73296,2.6157,122.62,3,1,4
1094,-272.89968,-272.87549,33.0212,499.65,6,24,12
1095,-163.28712,-163.27868,5.8991,401.47,7,4,16
1096,-42.24769,-42.243831,0.0219,119.19,2,1,4
1097,-24.755225,-24.753492,3.0339,63.27,1,2,1
1098,-149.89179,-149.88861,6.0005,427.63,4,6,16
1099,-68.322034,-68.314724,5.3865,202.01,3,1,8
1100,-148.13366,-148.12223,4.1595,376.96,4,8,12
1101,-172.22693,-172.21648,3.7291,397.54,8,4,16
1102,-204.8217,-204.81154,3.9082,480.41,2,13,20
1103,-522.03309,-522.00719,33.1096,1289.54,24,16,44
1104,-513.79146,-513.75355,81.3386,959.94,12,48,20
1105,-130.96904,-130.96306,0,333.77,4,6,12
1106,-391.55002,-391.52055,2.8118,829.44,4,30,30
1107,-175.18302,-175.16993,0.8954,547.82,6,6,18
1108,-163.60099,-163.59719,14.6963,394.17,4,8,16
1109,-455.39028,-455.3704,44.5263,1065.44,30,4,38
1110,-144.63592,-144.62966,0.0002,414.62,2,8,16
1111,-74.223284,-74.217814,0.0008,169.52,2,4,6
1112,-85.944116,-85.936053,1.9992,197.16,4,2,8
1113,-215.03653,-215.02124,5.8784,505.75,9,9,16
1114,-327.69476,-327.67413,3.3947,839.4,8,16,32
1115,-242.21688,-242.20104,13.351,605.54,12,4,24
1116,-215.35459,-215.34211,45.9879,336.61,21,2,6
1117,-41.708105,-41.705021,0.0006,129.78,1,2,4
1118,-56.32033,-56.314685,0.2836,126.83,1,4,4
1119,-41.698406,-41.694182,0.4616,124.53,2,1,4
1120,-60.082636,-60.077297,0.0204,152.67,4,2,4
1121,-232.63176,-232.61672,6.7805,631.28,4,12,24
1122,-78.514463,-78.510591,0.0106,135.62,2,6,4
1123,-110.54434,-110.53574,18.1279,177.22,6,6,4
1124,-143.37418,-143.36445,33.2638,238.86,12,4,4
1125,-167.02778,-167.01744,4.4295,423.17,2,8,20
1126,-228.07476,-228.05392,25.3988,446.47,4,20,12
1127,-218.24089,-218.22683,15.7327,461.49,7,12,16
1128,-337.07033,-337.05311,5.6484,825.11,16,8,32
1129,-54.362536,-54.357407,2.3424,143.49,2,2,5
1130,-194.27248,-194.26333,15.4069,491.53,11,3,18
1131,-193.8415,-193.82573,32.0944,328.16,3,20,6
1132,-153.31174,-153.30015,0.2254,344.87,8,4,12
1133,-84.572622,-84.563282,0.0476,201.64,3,3,8
1134,-432.81264,-432.77619,4.4791,1356.83,26,6,42
1135,-123.55661,-123.55201,10.5966,197.81,9,3,6
1136,-83.426774,-83.42325,20.3786,141.46,4,6,2
1137,-24.900721,-24.898512,1.5604,56.96,1,1,2
1138,-175.80986,-175.80145,12.873,383.2,11,1,16
1139,-225.87469,-225.86475,18.1635,456.09,12,7,16
1140,-134.2514,-134.23939,0.0254,356.48,6,4,12
1141,-152.81792,-152.8112,3.7396,426.13,1,10,16
1142,-147.37376,-147.36157,0.1862,379.72,4,8,12
1143,-58.462414,-58.460497,15.9122,93.21,4,3,1
1144,-78.313622,-78.307266,3.7019,187.48,4,1,8
1145,-602.98682,-602.94439,4.4097,1599.13,30,8,64
1146,-162.53989,-162.52722,15.4189,434.59,4,8,16
1147,-106.99431,-106.99014,1.3324,282.33,1,6,12
1148,-337.10877,-337.09133,8.4824,844.34,16,8,32
1149,-96.347416,-96.340013,12,219,4,4,8
1150,-35.779723,-35.776459,0.0247,90.94,1,2,3
1151,-353.94876,-353.92638,4.7416,851.36,10,17,32
1152,-73.402776,-73.396055,2.7399,199.95,1,4,8
1153,-41.555984,-41.553526,2.2499,100.9,1,2,4
1154,-58.105346,-58.100481,0.0067,127.35,1,4,5
1155,-365.73543,-365.70503,73.83,554.02,36,8,4
1156,-73.277809,-73.2709,0.209,183.53,2,4,6
1157,-67.007537,-67.004356,2.9846,205.74,2,2,8
1158,-46.79847,-46.793043,4.8699,106.37,1,3,4
1159,-60.493341,-60.489368,3.9296,153.89,1,4,5
1160,-158.51206,-158.50498,4.0513,391.21,3,8,16
1161,-215.80387,-215.78944,2.4936,517.25,9,9,16
1162,-308.8747,-308.8509,2.3699,597.21,20,8,18
1163,-73.443987,-73.435729,1.2136,195.95,1,4,8
1164,-118.5961,-118.59086,12.0266,292.43,6,2,12
1165,-63.940502,-63.935031,2.1105,153.34,4,1,5
1166,-67.711649,-67.708545,3.9351,212.82,3,1,8
1167,-120.78909,-120.77632,0.7895,305.39,2,8,10
1168,-128.6217,-128.61356,11.636,250.91,4,8,8
1169,-121.89924,-121.88828,11.7495,342.67,4,4,14
1170,-107.22088,-107.21065,0.006,372.08,2,4,14
1171,-108.54549,-108.53889,0.3845,296.73,4,4,10
1172,-328.13343,-328.10498,5.4238,905.47,8,16,32
1173,-108.5491,-108.54201,0.3773,296.14,4,4,10
1174,-64.444247,-64.439443,1.6357,202.97,1,3,8
1175,-141.48622,-141.47916,32.8907,242.06,13,1,6
1176,-163.32418,-163.31134,5.0443,416.2,2,10,16
1177,-37.064482,-37.061621,11,116.56,3,1,2
1178,-199.59603,-199.56362,27.3367,346.14,18,8,2
1179,-42.11134,-42.108475,0,114.28,2,1,4
1180,-87.291198,-87.288377,6.0075,192.17,5,1,8
1181,-85.034392,-85.023488,3.8899,230.74,4,2,8
1182,-73.703598,-73.697686,7.4332,176.55,6,1,4
1183,-48.756123,-48.752042,0.7004,125.33,1,3,4
1184,-174.47907,-174.47405,2.334,579.41,9,1,20
1185,-64.840368,-64.835757,0.1288,149.83,5,1,4
1186,-161.72127,-161.71762,1.5219,475.17,8,4,14
1187,-124.24915,-124.24031,7.6192,272.57,2,10,8
1188,-51.081628,-51.078498,1.1469,121.96,3,1,4
1189,-228.12323,-228.11065,11.0076,548.62,10,7,20
1190,-117.63689,-117.63083,1.5882,310.96,4,4,12
1191,-129.76457,-129.74872,0.0011,268.68,4,8,8
1192,-37.019946,-37.016517,0.5086,92.77,2,1,3
1193,-24.823298,-24.821508,0,67.08,1,1,2
1194,-106.7132,-106.7057,16.0359,177.71,3,9,4
1195,-238.49288,-238.47635,10.2845,615.47,9,7,24
1196,-153.33721,-153.33393,3.8889,342.48,8,4,12
1197,-155.22201,-155.21198,17.2467,317.12,8,8,8
1198,-92.597807,-92.592495,0,226.19,3,4,8
1199,-50.197909,-50.193939,2.5224,152.66,2,1,6
1200,-437.68357,-437.65608,10.9287,1130.17,4,30,40
1201,-83.052216,-83.045463,3.3959,229.99,2,3,10
1202,-230.12172,-230.10904,0.9062,603.9,3,13,24
1203,-50.434472,-50.432537,1.0182,131.03,2,2,4
1204,-75.774404,-75.767333,3.8993,150.05,4,2,6
1205,-118.42406,-118.41403,0.0692,357.09,6,2,12
1206,-42.853797,-42.849819,1.7654,135.81,2,1,4
1207,-224.10582,-224.09321,16.0316,579.84,2,18,18
1208,-134.00046,-133.98875,5.3018,240.82,8,4,8
1209,-42.99873,-42.995364,2.76,96.26,2,1,4
1210,-157.8252,-157.81624,0.5631,404.25,3,8,16
1211,-85.162856,-85.155166,5.1439,204.45,5,1,8
1212,-346.2509,-346.22479,35.1128,1007.01,24,2,28
1213,-179.89519,-179.88271,6.8226,386.1,8,8,12
1214,-566.71043,-566.67898,52.341,1321.81,36,5,48
1215,-59.479236,-59.475132,1.302,134.21,4,1,4
1216,-120.51409,-120.50734,33.7664,188.94,12,2,2
1217,-294.48114,-294.46375,1.3044,588.79,8,20,18
1218,-64.664361,-64.660037,4.741,153.16,5,1,4
1219,-41.551007,-41.549069,0.001,97.38,1,2,4
1221,-51.499728,-51.497151,2.1123,128.78,3,1,4
1222,-233.12665,-233.11125,0.0851,601.71,4,13,23
1223,-93.994031,-93.993059,0,273.91,4,2,10
1224,-415.1113,-415.08802,0.214,918.74,1,35,32
1225,-89.567998,-89.559462,0.6849,248.29,1,5,10
1226,-155.38558,-155.37277,0.0342,495.46,4,8,14
1227,-84.586468,-84.577677,0.2093,201.7,3,3,8
1228,-112.77085,-112.76282,20.7298,179.8,8,4,4
1229,-41.472909,-41.4701,0.296,116.46,1,2,4
1230,-36.63562,-36.631868,8.3333,86.62,2,2,2
1231,-49.578239,-49.572935,0.1572,130.11,1,3,4
1232,-260.53417,-260.52469,19.4926,801.48,8,12,24
1233,-53.275729,-53.273022,5.0558,110.27,4,1,3
1234,-250.90735,-250.88788,10.9082,630.75,10,8,24
1235,-81.705239,-81.697785,1.8003,264.81,1,4,10
1236,-95.606856,-95.600667,4.2934,240.07,5,1,10
1237,-38.562475,-38.559498,8.2231,87.28,2,2,2
1238,-430.65519,-430.60439,0.0054,920.18,8,32,32
1239,-150.93542,-150.92333,3.0878,372.15,8,4,12
1240,-173.85058,-173.84138,5.6385,403.33,10,2,16
1241,-85.531732,-85.525532,9.9023,231.33,2,6,6
1242,-118.19277,-118.18286,0.0094,316.12,4,4,12
1243,-82.286744,-82.282169,1.4292,192.63,1,5,8
1244,-61.506256,-61.499968,6.0234,129.84,1,5,4
1245,-53.987543,-53.985126,4.25,142.01,2,2,5
1246,-274.87972,-274.86093,0.0092,799.08,2,16,32
1247,-60.333392,-60.327448,2.8256,156.08,1,5,4
1248,-91.383507,-91.379414,7.5041,251.59,4,2,10
1249,-349.91596,-349.89841,24.3347,572.44,30,2,19
1250,-48.649615,-48.644495,2.0436,123.3,1,3,4
1251,-287.74601,-287.73321,10.5011,780.44,16,1,32
1252,-126.94668,-126.9357,3.8973,310.62,8,2,10
1253,-256.69828,-256.68668,31.5685,602.69,8,16,16
1254,-110.18938,-110.18254,19.4878,182.65,6,6,4
1255,-292.32211,-292.30253,0.0857,815.27,2,18,32
1256,-267.52072,-267.49818,0.0007,774.9,1,16,32
1257,-131.58722,-131.57526,0.0176,359.6,4,6,12
1258,-112.19898,-112.19189,13.0466,174.5,3,12,1
1259,-920.82837,-920.78613,46.7244,2382.58,48,10,96
1260,-91.832134,-91.826662,0.0944,217.12,3,4,8
1261,-47.834661,-47.831895,5.5275,127.97,2,2,4
1262,-58.52336,-58.519885,2.474,99.8,2,4,3
1263,-268.95509,-268.9376,6.6796,695.39,14,6,24
1264,-42.012703,-42.007901,0.5922,117.47,2,1,4
1265,-167.0636,-167.05216,4.5223,452.11,4,8,16
1266,-58.421676,-58.415336,2.2232,97.49,2,4,3
1267,-167.12895,-167.12204,5.7623,386.29,4,8,16
1268,-172.71615,-172.70409,1.5394,399.79,8,4,16
1269,-24.718794,-24.716863,1.7999,66.78,1,1,2
1270,-93.789037,-93.783234,0.4195,225.43,4,3,8
1271,-593.31772,-593.27552,51.9295,1531.9,24,24,48
1272,-66.196057,-66.194795,14.2145,107.33,6,2,1
1273,-163.21616,-163.20543,2.4847,387.65,1,11,16
1274,-251.45802,-251.44377,5.3616,624.28,14,3,24
1275,-41.134119,-41.132253,1.9715,133.21,1,2,4
1276,-86.02774,-86.017374,6.1013,207.23,4,2,8
1277,-221.09238,-221.08368,0.1664,763.39,12,4,20
1278,-536.13518,-536.04614,0.2923,773.32,22,50,3
1279,-337.29078,-337.27343,1.3854,838.16,20,3,32
1280,-66.269722,-66.264965,2.4928,171.66,2,3,6
1281,-360.69129,-360.66248,0.0096,922.05,2,24,38
1282,-84.124843,-84.112621,2.9839,229.43,3,2,10
1283,-109.85265,-109.84413,18.3589,182.32,6,6,4
1284,-65.454027,-65.446072,0.002,183.24,2,3,6
1285,-180.82209,-180.81547,4.7074,414.11,12,1,16
1286,-416.99025,-416.96876,40.613,1047.86,24,5,40
1287,-83.194782,-83.183357,2.9,234.51,2,3,10
1288,-218.84032,-218.82693,13.3957,476.33,13,2,20
1289,-446.1859,-446.15488,0.0466,979.17,8,32,32
1290,-96.075838,-96.066851,4.9873,248.58,1,8,7
1291,-90.472167,-90.467263,9.5017,282.35,4,2,10
1292,-144.41035,-144.40297,16.1998,244.94,4,12,6
1293,-166.46146,-166.45049,2.6049,397.12,4,8,16
1294,-93.778258,-93.77242,0.4343,225.95,4,3,8
1295,-166.01646,-166.00415,4.1606,451.77,3,9,16
1296,-65.453176,-65.445319,0.2861,183.3,2,3,6
1297,-73.200101,-73.194067,0.0225,184.08,2,4,6
1298,-332.91187,-332.89934,12.5093,880.21,5,24,28
1299,-75.007378,-75.002843,5.158,122.78,6,1,4
1300,-80.748949,-80.74487,0.9433,135.19,4,4,4
1301,-83.852228,-83.843365,7.5814,133.44,3,8,1
1302,-381.50129,-381.45291,20.4046,572.96,26,23,3
1303,-31.378072,-31.375166,3.6797,70.33,1,2,2
1304,-223.75814,-223.743,2.6519,547.33,7,10,20
1305,-593.77261,-593.73645,35.358,1449,24,24,48
1306,-446.30064,-446.24408,4.2801,644.38,40,14,6
1307,-42.995865,-42.992393,2.7686,96.28,2,1,4
1308,-137.22406,-137.21547,7.2022,429.35,6,2,16
1309,-41.258674,-41.255247,1.0256,68.01,3,1,2
1310,-51.449886,-51.44771,0,110.89,3,1,4
1311,-166.67862,-166.67207,9.0611,442.5,8,4,16
1312,-96.680833,-96.67586,4.4586,189.05,3,6,6
1313,-97.385545,-97.38107,5.413,217.38,2,6,8
1314,-452.59268,-452.55818,31.8358,986.3,35,1,32
1315,-145.24689,-145.23826,12.3592,236.57,12,2,7
1316,-337.26086,-337.23713,0.0004,956.74,16,8,32
1317,-75.652432,-75.648268,1.1128,203.91,2,3,8
1319,-158.51115,-158.50828,4.2558,388.82,3,8,16
1320,-184.74059,-184.73125,17.8209,456.6,12,1,16
1321,-113.07197,-113.06204,3.8731,282.87,6,1,12
1322,-65.908837,-65.902035,1.1189,188.26,1,3,8
1323,-120.73093,-120.72372,21.5692,213.72,4,10,4
1324,-62.227762,-62.224616,11.6514,143.1,4,1,5
1325,-131.59438,-131.58231,0.1094,359.55,4,6,12
1326,-506.47897,-506.43946,38.5641,1326.83,16,24,44
1327,-89.295529,-89.290055,4.0602,256.52,2,4,10
1328,-147.9309,-147.92054,38.0077,234.74,9,10,1
1329,-128.13593,-128.12707,9.6188,312.62,4,8,8
1330,-42.953645,-42.952341,0,129.27,2,1,4
1332,-232.56686,-232.54787,1.3875,502.95,16,4,16
1333,-116.34098,-116.33689,9.7022,231.11,6,4,8
1334,-113.58886,-113.57926,18.3733,180.63,9,3,4
1335,-79.021937,-79.012697,3.7957,197.35,2,4,8
1336,-39.649013,-39.647182,5.5852,69.9,2,2,2
1337,-40.691772,-40.690702,2.3856,119.92,1,2,4
1338,-41.503592,-41.500982,0.6239,114.35,1,2,4
1339,-247.04225,-247.02786,26.6081,628.42,14,3,24
1340,-159.29341,-159.28505,3.5409,418.28,4,7,16
1341,-258.96678,-258.94365,6.6779,690.65,6,14,24
1342,-148.27787,-148.27459,0.8484,571.7,3,5,20
1343,-203.65891,-203.64164,2.5541,485,1,14,20
1344,-107.80974,-107.80237,17.1731,176.43,4,8,4
1345,-97.40762,-97.401029,3.7756,224.98,2,6,8
1346,-40.869816,-40.866121,0.7845,123.01,1,2,4
1347,-237.92394,-237.9056,65.7693,503.39,13,20,3
1348,-101.24352,-101.23246,16.6564,293.41,4,8,6
1349,-153.26892,-153.2576,23.6318,245.86,12,4,6
1350,-124.39604,-124.39222,0.4584,218.54,6,6,7
1351,-51.058976,-51.055103,0.0046,121.1,3,1,4
1352,-120.83004,-120.81985,6.7173,290.79,6,2,12
1353,-288.96893,-288.95322,10.4632,742.39,16,4,28
1354,-224.22024,-224.20807,0.0013,481.98,4,16,16
1355,-134.23408,-134.22161,0.0223,357.58,6,4,12
1356,-313.94398,-313.91243,0.0061,966.22,2,24,28
1357,-149.50289,-149.49178,1.1361,498.71,6,4,16
1358,-51.052257,-51.047822,0.6885,121.67,3,1,4
1359,-23.892193,-23.887582,2.7194,59.16,1,1,2
1360,-51.059954,-51.055914,0.0611,120.6,3,1,4
1361,-316.03447,-316.0116,42.8852,735.9,14,10,28
1362,-150.52905,-150.52184,1.0747,436.39,6,4,16
1363,-207.41629,-207.40444,5.3157,492.15,11,3,20
1364,-103.1747,-103.1716,3.9548,244.48,7,1,8
1365,-38.715991,-38.713528,4.779,93.05,3,1,2
1366,-420.60175,-420.57318,12.4563,1178.11,4,30,38
1367,-83.542837,-83.537557,7.4495,217.44,2,6,6
1368,-73.303821,-73.295089,1.1194,192.24,2,4,6
1369,-170.37885,-170.37234,2.4534,452.06,1,12,16
1370,-241.65042,-241.63169,2.6223,616.44,13,3,24
1371,-232.63222,-232.62457,10.4134,627.81,4,12,24
1372,-185.72913,-185.71675,10.3578,392.34,12,4,12
1373,-419.53425,-419.51088,10.4859,1039.45,22,7,40
1374,-423.49593,-423.46212,1.77,1278.39,6,26,42
1375,-174.33616,-174.33184,4.1137,577.94,9,1,20
1376,-201.25446,-201.23489,20.2911,360.84,18,8,2
1377,-42.073258,-42.071864,0.3332,112.63,2,1,4
1378,-66.640492,-66.637118,0,181.65,3,2,6
1379,-77.324298,-77.316014,2.327,130.15,2,6,4
1380,-175.32417,-175.30724,0,551.37,6,6,18
1381,-116.06765,-116.05789,2.9996,291.91,2,6,12
1382,-68.305838,-68.299632,0.902,173.57,4,1,6
1383,-131.91794,-131.90967,2.1256,395.63,2,6,16
1384,-179.27332,-179.26139,9.7176,371.18,8,8,12
1385,-135.38724,-135.38263,3.6923,523.78,2,8,14
1386,-59.298318,-59.296427,2.6372,149.79,2,2,6
1387,-175.64014,-175.62579,0.1113,377.23,4,12,12
1388,-326.8816,-326.86029,3.1412,838.93,8,16,32
1389,-39.515156,-39.5128,0.0412,162.62,1,1,6
1390,-85.055115,-85.052659,5.0002,261.58,4,1,10
1391,-117.79609,-117.79146,0,320.04,4,4,12
1392,-40.870415,-40.866692,0.7989,122.98,1,2,4
1393,-129.1685,-129.15958,3.6951,254.33,9,1,10
1394,-103.27788,-103.27345,1.8604,241.56,5,2,10
1395,-57.983967,-57.979844,0.2554,184.9,2,2,6
1396,-306.96354,-306.94056,0.408,718.25,9,14,28
1397,-112.9958,-112.98722,1.8389,365.96,2,6,12
1398,-50.984216,-50.978886,0.35,121.24,3,1,4
1399,-75.77569,-75.769918,0.3855,177.35,4,2,6
1400,-127.45786,-127.45004,3.6023,304.29,8,2,10
1402,-189.11625,-189.10368,0,528.29,3,10,20
1403,-36.865717,-36.863621,0.3169,91.32,1,2,3
1405,-86.209877,-86.204908,8.0093,222.28,4,2,8
1406,-172.58761,-172.56869,1.1294,386.54,6,10,12
1407,-144.3109,-144.30162,0.0763,477.32,8,2,14
1408,-238.43027,-238.41985,4.2971,498.09,16,4,16
1409,-153.33856,-153.32724,0.1918,336.51,8,4,12
1410,-151.05826,-151.04601,31.248,257.76,9,7,6
1412,-130.24406,-130.23625,8.2622,287.59,7,2,12
1413,-77.140534,-77.133722,6.234,202.79,4,1,8
1414,-80.881524,-80.872988,6.3409,182.71,3,4,6
1415,-164.14119,-164.13427,6.3114,404.77,8,3,16
1416,-521.50195,-521.47519,0.4266,1256.49,5,36,48
1417,-356.99905,-356.97345,37.897,875.26,24,5,28
1418,-80.064029,-80.060445,3.0601,211.93,1,5,8
Co2S3,-172.02994,-172.02994,0.0001,419.86194239686455,0,12,18
Co3S,-49.042875,-49.042875,9.9107,90.55015862220748,0,6,2
Co3S4,-327.05519,-327.05519,0,796.6411283817333,0,24,32
Co9S8,-420.65759,-420.65759,0.0034,941.0500046381705,0,36,32
CoS,-23.61339,-23.61339,0.0005,49.70859636987237,0,2,2
CoS2,-65.795087,-65.795087,4,166.77433816176855,0,4,8
Fe(CoS)8,-425.62879,-425.62879,0.0055,930.8794724518789,4,32,32
Fe11Co5,-127.99877,-127.99877,36.7415,184.4683594044262,11,5,0
Fe13Co3,-129.99381,-129.99381,36.9212,184.17122392720984,13,3,0
Fe15Co,-131.97205,-131.97205,35.4109,182.29364306685906,15,1,0
Fe2S3,-185.9569,-185.9569,11.6013,424.3041974364402,12,0,18
Fe3Co,-32.251571,-32.251571,9.1348,46.16395424367403,3,1,0
Fe3S,-117.8511,-117.8511,26.4981,187.78833648740965,12,0,4
Fe3S4,-350.5287,-350.5287,34.348,838.7500643450619,24,0,32
Fe4S5,-115.97965,-115.97965,0.0478,641.8420581,8,0,10
Fe5Co3,-126.92542,-126.92542,36.9631,184.75430322646628,10,6,0
Fe7Co,-131.01114,-131.01114,36.9552,184.24464570545084,14,2,0
Fe9Co7,-125.6884,-125.6884,36.4445,184.42700506112354,9,7,0
FeCo,-15.55538,-15.55538,4.4702,22.957128435155383,1,1,0
FeCo3,-28.846006,-28.846006,0.4999,41.62050629,1,3,0
FeCo3S8,-202.19553,-202.19553,9,494.84059972189385,3,9,24
FeCoS2,-24.758899,-24.758899,0.0001,49.493079196454666,1,1,2
FeCoS4,-68.981148,-68.981148,2,162.34237021207204,2,2,8
FeS,-26.928898,-26.928898,0,68.05301489638059,2,0,2
FeS2,-36.254592,-36.254592,0,81.51311080707465,2,0,4
